Modelo,Tipo,R²,RMSE,MAE,R²_CV_Mean,R²_CV_Std,RMSE_CV_Mean,R²_CI_Lower,R²_CI_Upper,RMSE_CI_Lower,RMSE_CI_Upper,MAE_CI_Lower,MAE_CI_Upper
Ridge Regression,Baseline,0.9351006034861944,12646.480051794097,7916.226820954122,,,,0.8866297465251359,0.9722501110629377,7788.566647698286,18086.785419191117,5896.573473490004,10362.007727144151
Lasso Regression,Baseline,0.9350959614237356,12646.932326419997,7917.927521884149,,,,0.8850263889885659,0.9710889150555457,7930.359936660878,18223.524647993443,5999.643022818614,10464.200427919068
Lineal Múltiple (Test),Baseline,0.9350784977662434,12648.633659993115,7918.089714023131,,,,0.8854077817672297,0.9705295510748079,8016.856254041056,17938.49760382367,6057.510246694537,10353.868506757024
Elastic Net,Baseline,0.929288031133137,13200.664667690875,8360.427732647107,,,,0.8774526577333263,0.9657934266491072,8623.541912449611,18736.552271355707,6437.231534016679,10917.640220540981
LightGBM,Avanzado,0.9084879319144955,15189.881136522463,9437.57840480003,0.9370098245445307,0.02551921821765755,11430.649114737502,0.9053235300213597,0.9686961190677018,8409.670286874984,14451.62794260002,,
Lineal Simple (Test),Baseline,0.8993263480722887,15536.195097515621,12103.639963447056,,,,0.8503386666856462,0.932085622573035,12329.488377893891,18749.643723324774,9950.621070862479,14567.286624875594
Random Forest,Avanzado,0.8958782189539412,16202.647530456583,10433.970587928667,0.9232552300081064,0.03378232633603658,12588.891058089739,0.8813089316210788,0.965201528395134,8607.13841095276,16570.643705226717,,
