Modelo,Tipo,R²_CV_Mean,R²_CV_Std,R²_CV_IC_Lower,R²_CV_IC_Upper,RMSE_CV_Mean,RMSE_CV_IC_Lower,RMSE_CV_IC_Upper,R²_Test,RMSE_Test,MAE_Test
LightGBM,Avanzado,0.9370098245445307,0.02551921821765755,0.9053235300213597,0.9686961190677018,11430.649114737502,8409.670286874984,14451.62794260002,0.9084879319144955,15189.881136522463,9437.57840480003
Random Forest,Avanzado,0.9232552300081064,0.03378232633603658,0.8813089316210788,0.965201528395134,12588.891058089739,8607.13841095276,16570.643705226717,0.8958782189539412,16202.647530456583,10433.970587928667
