Modelo,RMSE,RMSE_CI_Lower,RMSE_CI_Upper,MAE,MAE_CI_Lower,MAE_CI_Upper,R²,R²_CI_Lower,R²_CI_Upper
Ridge Regression,12646.480051794097,7788.566647698286,18086.785419191117,7916.226820954122,5896.573473490004,10362.007727144151,0.9351006034861944,0.8866297465251359,0.9722501110629377
Lasso Regression,12646.932326419997,7930.359936660878,18223.524647993443,7917.927521884149,5999.643022818614,10464.200427919068,0.9350959614237356,0.8850263889885659,0.9710889150555457
Lineal Múltiple (Test),12648.633659993115,8016.856254041056,17938.49760382367,7918.089714023131,6057.510246694537,10353.868506757024,0.9350784977662434,0.8854077817672297,0.9705295510748079
Elastic Net,13200.664667690875,8623.541912449611,18736.552271355707,8360.427732647107,6437.231534016679,10917.640220540981,0.929288031133137,0.8774526577333263,0.9657934266491072
Lineal Simple (Test),15536.195097515621,12329.488377893891,18749.643723324774,12103.639963447056,9950.621070862479,14567.286624875594,0.8993263480722887,0.8503386666856462,0.932085622573035
