Modelo,RMSE,RMSE_CI_Lower,RMSE_CI_Upper,MAE,MAE_CI_Lower,MAE_CI_Upper,R²,R²_CI_Lower,R²_CI_Upper
Ridge Regression,12646.480051794097,7921.634659171855,17919.909494055904,7916.226820954122,5925.390929340496,10318.079236149646,0.9351006034861944,0.8892605727068776,0.9712964267701651
Lasso Regression,12646.932326419997,8066.445763503518,18385.782630308637,7917.927521884149,5970.451756324651,10539.672649111697,0.9350959614237356,0.88424848498931,0.9710257481930479
Lineal Múltiple (Test),12648.633659993115,7893.448218253385,18073.736768709256,7918.089714023131,5815.916649736062,10442.183704924617,0.9350784977662434,0.8863011224216549,0.9714097199085786
Elastic Net,13200.664667690875,8405.035419799702,18489.050685534727,8360.427732647107,6335.846710123386,10846.40753267395,0.929288031133137,0.8814159014642299,0.9686590367990503
Lineal Simple (Test),15536.195097515621,12507.674963235831,18508.251287489307,12103.639963447056,9970.83526326678,14296.766597300144,0.8993263480722887,0.8541388757864999,0.9324864057447683
